column,dtype,first_value,first_value_type,first_year_month,last_year_month,min,max,range
baspread,float64,0.0168102137999999,float64,1957-01,2021-11,-0.217183509,0.9818181818,1.1990016908
beta,float64,1.7070618245,float64,1957-01,2021-11,-0.799580145,3.8874200783,4.6870002233
betasq,float64,2.9140600725,float64,1957-01,2021-11,0.0,15.112034865,15.112034865
chmom,float64,-0.208187182,float64,1957-01,2021-11,-8.461764608,7.783077181,16.244841789
dolvol,float64,10.673526327,float64,1957-01,2021-11,-3.060270795,19.459949862,22.520220657
idiovol,float64,0.026775939,float64,1957-01,2021-11,0.0,0.2835521294999999,0.2835521294999999
ill,float64,6.7972141e-08,float64,1957-01,2021-11,0.0,0.0009818182,0.0009818182
indmom,float64,0.0980499611,float64,1957-01,2021-11,-0.75950299,2.7486551242000004,3.5081581142000005
maxret,float64,0.0222222227999999,float64,1957-01,2021-11,0.0,0.9666665196,0.9666665196
mom12m,float64,0.0785645354,float64,1957-01,2021-11,-1.0,11.296122609,12.296122609
mom1m,float64,0.0137741043999999,float64,1957-01,2021-11,-0.736589134,2.0,2.736589134
mom36m,float64,1.3406044765,float64,1957-01,2021-11,-1.0,14.513888381,15.513888381
mom6m,float64,-0.066120951,float64,1957-01,2021-11,-1.0,7.5333333435,8.5333333435
mvel1,float64,117898.0,float64,1957-01,2021-11,0.0,2711977474.2,2711977474.2
pricedelay,float64,-0.0240367389999999,float64,1957-01,2021-11,-16.57295624,13.69201483,30.26497107
retvol,float64,0.0128775701,float64,1957-01,2021-11,0.0,0.2659367115,0.2659367115
std_dolvol,float64,0.4046970081,float64,1957-01,2021-11,0.0,3.3624285022,3.3624285022
std_turn,float64,0.5534500915,float64,1957-01,2021-11,0.0,794.68585525,794.68585525
turn,float64,0.4838080375,float64,1957-01,2021-11,0.0,588.55031949,588.55031949
zerotrade,float64,6.534455099999999e-08,float64,1957-01,2021-11,7.336618000000002e-13,20.045456146,20.045456145999264
aeavol,float64,0.07425386554999999,float64,1957-10,2021-09,-1.0,20.913043478,21.913043478
cash,float64,0.0584430939,float64,1957-10,2021-09,-0.143183846,0.9773526909,1.1205365369
chtx,float64,0.0049986425,float64,1957-10,2021-09,-0.117820888,0.1452963808,0.2631172688
cinvest,float64,0.0030000553,float64,1957-10,2021-09,-123.6666667,351.5,475.1666667
ear,float64,1.13368e-05,float64,1957-10,2021-09,-0.458277427,0.5012611896,0.9595386166
ms,float64,3.0,float64,1957-10,2021-09,0.0,8.0,8.0
nincr,float64,1.0,float64,1957-10,2021-09,0.0,8.0,8.0
roaq,float64,0.0090981921,float64,1957-10,2021-09,-0.516859717,0.1822474032,0.6991071202
roavol,float64,0.0058644656999999,float64,1957-10,2021-09,4.202607700000001e-06,0.8751859998999999,0.8751817972923
roeq,float64,0.02622493075,float64,1957-10,2021-09,-2.011209538,1.9891738246,4.0003833626
rsup,float64,0.03509312835,float64,1957-10,2021-09,-4.271041436,2.5114186851,6.7824601211
stdacc,float64,0.0964820511,float64,1966-03,2021-09,0.0,929.63238091,929.63238091
stdcf,float64,0.0968616992999999,float64,1966-03,2021-09,0.0,2996.621567,2996.621567
absacc,float64,0.0611511805,float64,1957-07,2021-06,0.0,1.0237330948,1.0237330948
acc,float64,0.0521606206,float64,1957-07,2021-06,-1.016244132,0.5699375965,1.5861817285
age,float64,1.0,float64,1957-07,2021-06,1.0,59.0,58.0
agr,float64,-0.07174181,float64,1957-07,2021-06,-5.636086957000001,0.7013919918000001,6.337478948800001
bm,float64,0.6826788359,float64,1957-07,2021-06,-4.753152203,153.74597772,158.49912992300003
bm_ia,float64,-0.135809563,float64,1957-07,2021-06,-130.9348434,137.29697196,268.23181536000004
cashdebt,float64,0.0571649658999999,float64,1957-07,2021-06,-10248.0,2.7623041816,10250.7623041816
cashpr,float64,-12.05065598,float64,1957-07,2021-06,-656.4051724,600.27737445,1256.68254685
cfp,float64,1.3951659872,float64,1957-07,2021-06,-170.1725966,161.28252366,331.45512026
cfp_ia,float64,1.2547430565,float64,1957-07,2021-06,-168.9501625,363.74706091,532.69722341
chatoia,float64,0.0085698707,float64,1957-07,2021-06,-1.006542146,1.209927457,2.216469603
chcsho,float64,0.0044052863,float64,1957-07,2021-06,-0.888405797,7.2087658593,8.0971716563
chempia,float64,-0.027345381,float64,1957-07,2021-06,-57.17108398,3.5750877723000003,60.7461717523
chinv,float64,0.0063218661,float64,1957-07,2021-06,-0.279733495,0.3835263835,0.6632598785
chpmia,float64,0.0021382934,float64,1957-07,2021-06,-166.9575638,173.7708691,340.72843290000003
convind,float64,0.0,float64,1957-07,2021-06,0.0,1.0,1.0
currat,float64,2.1780593531,float64,1957-07,2021-06,0.1298701299,106.67938931,106.5495191801
depr,float64,0.1165682313,float64,1957-07,2021-06,-0.983828834,8.1223880597,9.106216893700001
divi,float64,0.0,float64,1957-07,2021-06,0.0,1.0,1.0
divo,float64,0.0,float64,1957-07,2021-06,0.0,1.0,1.0
dy,float64,0.0128630287999999,float64,1957-07,2021-06,-12.14504773,0.5439915651,12.6890392951
egr,float64,0.0737889751,float64,1957-07,2021-06,-4.091554638,9.5663234172,13.6578780552
ep,float64,0.0578836298,float64,1957-07,2021-06,-8.194066112,0.6827200984999999,8.8767862105
gma,float64,0.3305851637,float64,1957-07,2021-06,-0.894597428,1.7661495963,2.6607470243
grcapx,float64,-0.133023975,float64,1957-07,2021-06,-14.12089744,46.988764045,61.109661485000004
grltnoa,float64,0.0516115397,float64,1957-07,2021-06,-0.592349727,1.1846110654000002,1.7769607924000002
herf,float64,0.050452268,float64,1957-07,2021-06,0.0102009496,1.0,0.9897990504
hire,float64,0.0,float64,1957-07,2021-06,-0.788343558,3.9166666667,4.7050102247
invest,float64,0.0544536834,float64,1957-07,2021-06,-0.5385402460000001,2.3273809524,2.8659211984
lev,float64,1.3779519646,float64,1957-07,2021-06,0.0,72.914767411,72.914767411
lgr,float64,0.0606187541,float64,1957-07,2021-06,-0.797752809,10.75,11.547752809
mve_ia,float64,-80.49998491,float64,1957-07,2021-06,-29218.104710000003,187263.28346,216481.38817000002
operprof,float64,0.2345005572,float64,1957-07,2021-06,-6.165168812,3.4617852274,9.626954039400001
orgcap,float64,0.024764954049999947,float64,1957-07,2021-06,-0.0011567139999999,0.1648427256,0.16599943959999988
pchcapx_ia,float64,-0.201729733,float64,1957-07,2021-06,-728.1018822000001,2238.1306093000003,2966.2324915000004
pchcurrat,float64,0.024950763700000003,float64,1957-07,2021-06,-0.899768116,8.1401658737,9.039933989700002
pchdepr,float64,0.02316851265,float64,1957-07,2021-06,-0.959677419,7.6442176684,8.6038950874
pchgm_pchsale,float64,-0.000890959,float64,1957-07,2021-06,-12.09416094,5.999987444199999,18.0941483842
pchquick,float64,0.041362372,float64,1957-07,2021-06,-0.922605349,9.3731396808,10.295745029799999
pchsale_pchinvt,float64,0.0097686924,float64,1957-07,2021-06,-10.56357199,3.3883810342,13.9519530242
pchsale_pchrect,float64,0.012526520650000001,float64,1957-07,2021-06,-7.911684631,3.1686650108,11.0803496418
pchsale_pchxsga,float64,0.0017203025,float64,1957-07,2021-06,-1.5694444440000002,4.3352121948,5.904656638800001
pchsaleinv,float64,0.0093723912,float64,1957-07,2021-06,-121.0362857,30.973970161,152.010255861
pctacc,float64,1.0283982143500001,float64,1957-07,2021-06,-69.88115345,68.846153846,138.727307296
ps,float64,4.0,float64,1957-07,2021-06,0.0,9.0,9.0
quick,float64,1.0110036679,float64,1957-07,2021-06,0.0818965517,100.6334131,100.5515165483
rd,float64,0.0,float64,1957-07,2021-06,0.0,1.0,1.0
rd_mve,float64,0.0188253533,float64,1957-07,2021-06,-0.03411239,2.2277974662,2.2619098562000004
rd_sale,float64,0.0126781667,float64,1957-07,2021-06,-90.38461538,179.65,270.03461538
realestate,float64,0.2783277315,float64,1967-08,2021-06,0.0,0.9709816368,0.9709816368
roic,float64,0.0466905565,float64,1957-07,2021-06,-19.7896735,1.1732637639,20.9629372639
salecash,float64,70.201166181,float64,1957-07,2021-06,-1591.636364,2141.125,3732.761364
saleinv,float64,6.8797142857,float64,1957-07,2021-06,-106.6224376,1127.253012,1233.8754496
salerec,float64,10.487369338,float64,1957-07,2021-06,-21796.0,594.0,22390.0
secured,float64,0.66359092565,float64,1967-08,2021-06,-7.9705e-05,3.8485757121,3.8486554171000003
securedind,float64,0.0,float64,1957-07,2021-06,0.0,1.0,1.0
sgr,float64,0.0847507065,float64,1957-07,2021-06,-0.9300014,7.5,8.4300014
sin,float64,0.0,float64,1957-07,2021-06,0.0,1.0,1.0
sp,float64,6.4526848223,float64,1957-07,2021-06,-35.94196184,54.594991999,90.536953839
tang,float64,0.5716849761,float64,1957-07,2021-06,0.0,0.9819330241,0.9819330241
tb,float64,-0.164602859,float64,1957-07,2021-06,-40.78334542,12.142874455,52.926219875
excess_ret_lead,float64,-0.05978300000000003,float64,1957-01,2021-11,-1.0,35.333332,36.333332
